category,subcategory,image_name,title,description,rating,price,local_path,source_page,source_image,sha256
apparel,mens,2000000059347-81-01_pc-072059d417.webp,Bennet Short Sleeve Men's Golf Polo Shirt,Product image for Bennet Short Sleeve Men's Golf Polo Shirt.,Not provided on source page,Not provided on source page,images/apparel/mens/2000000059347-81-01_pc-072059d417.webp,https://www.pgatoursuperstore.com/golf/mens-apparel/,https://cdn.media.amplience.net/i/pgatss/2000000059347-81-01_pc?$medium$&fmt=auto,072059d41782a5fd26d17123183b01b5393ff41f09f8231985469365cd48e278
apparel,mens,2000000055876-59-01_pc-e31b67db78.webp,Mcclure Men's Golf Polo Shirt,Product image for Mcclure Men's Golf Polo Shirt.,Not provided on source page,Not provided on source page,images/apparel/mens/2000000055876-59-01_pc-e31b67db78.webp,https://www.pgatoursuperstore.com/golf/mens-apparel/,https://cdn.media.amplience.net/i/pgatss/2000000055876-59-01_pc?$medium$&fmt=auto,e31b67db7860160c9e55e183e5b82d0ddb9620b3109a2c2d2d981dbb55798cdf
apparel,mens,2000000059105-280-01_pc-e26cc13f94.webp,Bellfield Men's Golf Hoodie,Product image for Bellfield Men's Golf Hoodie.,Not provided on source page,Not provided on source page,images/apparel/mens/2000000059105-280-01_pc-e26cc13f94.webp,https://www.pgatoursuperstore.com/golf/mens-apparel/,https://cdn.media.amplience.net/i/pgatss/2000000059105-280-01_pc?$medium$&fmt=auto,e26cc13f94047a5c8ce085333beca2eb8a0a468dcbc9f3dce568e61677a3ca30
apparel,mens,2000000061923-526-01_pc-b74e872212.webp,USA Flags Sankaty Men's Golf Polo Shirt,Product image for USA Flags Sankaty Men's Golf Polo Shirt.,Not provided on source page,Not provided on source page,images/apparel/mens/2000000061923-526-01_pc-b74e872212.webp,https://www.pgatoursuperstore.com/golf/mens-apparel/,https://cdn.media.amplience.net/i/pgatss/2000000061923-526-01_pc?$medium$&fmt=auto,b74e872212fe4ea9788a150c40a7d57ed9b7372b288305f1cfb0920936eb8efe
apparel,mens,2000000054595-59-01_pc-dd5b6a8095.webp,Dri-Fit Men's Good Blade Golf Polo Shirt,Product image for Dri-Fit Men's Good Blade Golf Polo Shirt.,Not provided on source page,Not provided on source page,images/apparel/mens/2000000054595-59-01_pc-dd5b6a8095.webp,https://www.pgatoursuperstore.com/golf/mens-apparel/,https://cdn.media.amplience.net/i/pgatss/2000000054595-59-01_pc?$medium$&fmt=auto,dd5b6a8095e07f9d43f58d32df98416eb26b44d6e4d24a7dd0f55f9ff8a0660e
apparel,mens,2000000055337-59-01_pc-73765b62fb.webp,Good Good Flag Men's Golf Polo Shirt,Product image for Good Good Flag Men's Golf Polo Shirt.,Not provided on source page,Not provided on source page,images/apparel/mens/2000000055337-59-01_pc-73765b62fb.webp,https://www.pgatoursuperstore.com/golf/mens-apparel/,https://cdn.media.amplience.net/i/pgatss/2000000055337-59-01_pc?$medium$&fmt=auto,73765b62fb402faf759e35ff96521b1c36ddb43d2249c6f8193e26e529a63e9e
apparel,mens,2000000060351-207-01_pc-7cc109b762.webp,Performance American Flag Sankaty Men's Golf Polo Shirt,Product image for Performance American Flag Sankaty Men's Golf Polo Shirt.,Not provided on source page,Not provided on source page,images/apparel/mens/2000000060351-207-01_pc-7cc109b762.webp,https://www.pgatoursuperstore.com/golf/mens-apparel/,https://cdn.media.amplience.net/i/pgatss/2000000060351-207-01_pc?$medium$&fmt=auto,7cc109b7625f809b58ac447a31a2657d0f39734578a31edf3bb2a82147fd9d50
apparel,mens,2000000054596-5-01_pc-599a9998dc.webp,Dri-Fit Men's Good Solid Golf Polo Shirt,Product image for Dri-Fit Men's Good Solid Golf Polo Shirt.,Not provided on source page,Not provided on source page,images/apparel/mens/2000000054596-5-01_pc-599a9998dc.webp,https://www.pgatoursuperstore.com/golf/mens-apparel/,https://cdn.media.amplience.net/i/pgatss/2000000054596-5-01_pc?$medium$&fmt=auto,599a9998dcc9162efc7e9afe41273a8b8d130c55b14cf42099e2be4bfaeb232e
apparel,mens,2000000056943-38-01_pc-0949d0fcbb.webp,"Performance Cooling Flat Front Men's 8"" Golf Shorts","Product image for Performance Cooling Flat Front Men's 8"" Golf Shorts.",Not provided on source page,Not provided on source page,images/apparel/mens/2000000056943-38-01_pc-0949d0fcbb.webp,https://www.pgatoursuperstore.com/golf/mens-apparel/,https://cdn.media.amplience.net/i/pgatss/2000000056943-38-01_pc?$medium$&fmt=auto,0949d0fcbb3fea5df28456dc0e8fac803bc6ed2810ae82430e90d2fa036ae34c
apparel,mens,2000000055380-1-01_pc-64326107b6.webp,Continental Drift Men's Golf Polo Shirt,Product image for Continental Drift Men's Golf Polo Shirt.,Not provided on source page,Not provided on source page,images/apparel/mens/2000000055380-1-01_pc-64326107b6.webp,https://www.pgatoursuperstore.com/golf/mens-apparel/,https://cdn.media.amplience.net/i/pgatss/2000000055380-1-01_pc?$medium$&fmt=auto,64326107b650b1022c245629c3a9745ef50932fb6677d0ea6e5116612fcb80bb
apparel,mens,2000000054136-5-01_pc-bcf5b790db.webp,"Ultimate 365+ Men's 8.5"" Golf Shorts","Product image for Ultimate 365+ Men's 8.5"" Golf Shorts.",Not provided on source page,Not provided on source page,images/apparel/mens/2000000054136-5-01_pc-bcf5b790db.webp,https://www.pgatoursuperstore.com/golf/mens-apparel/,https://cdn.media.amplience.net/i/pgatss/2000000054136-5-01_pc?$medium$&fmt=auto,bcf5b790dba3a65cb4815e938b935958b7a15e25a37391ec34b728fe912df9b7
apparel,mens,2000000061925-84-01_pc-61e9fb4add.webp,Americana Striped Sankaty Men's Golf Polo Shirt,Product image for Americana Striped Sankaty Men's Golf Polo Shirt.,Not provided on source page,Not provided on source page,images/apparel/mens/2000000061925-84-01_pc-61e9fb4add.webp,https://www.pgatoursuperstore.com/golf/mens-apparel/,https://cdn.media.amplience.net/i/pgatss/2000000061925-84-01_pc?$medium$&fmt=auto,61e9fb4add002d6affcf01b756d76e2b624fe1a48dcd8796c85c9931f4a45832
apparel,mens,2000000059092-89-01_pc-c1dbbe2608.webp,American Flag Golf Dad Men's Golf Polo Shirt,Product image for American Flag Golf Dad Men's Golf Polo Shirt.,Not provided on source page,Not provided on source page,images/apparel/mens/2000000059092-89-01_pc-c1dbbe2608.webp,https://www.pgatoursuperstore.com/golf/mens-apparel/,https://cdn.media.amplience.net/i/pgatss/2000000059092-89-01_pc?$medium$&fmt=auto,c1dbbe26083871d545bd9d12c2d927bab78559aa1b189e6ab79f985903f1eb61
apparel,mens,2000000058046-81-01_pc-deb987f80f.webp,Airflux Men's Golf Polo Shirt,Product image for Airflux Men's Golf Polo Shirt.,Not provided on source page,Not provided on source page,images/apparel/mens/2000000058046-81-01_pc-deb987f80f.webp,https://www.pgatoursuperstore.com/golf/mens-apparel/,https://cdn.media.amplience.net/i/pgatss/2000000058046-81-01_pc?$medium$&fmt=auto,deb987f80f79b1c4eb5d6cbc8bf2470c2dff47420d1bfd6da39d8d79b709d59a
apparel,mens,2000000055381-51-01_pc-3e8e5d961e.webp,Featherweight Perf Men's Golf Polo Shirt,Product image for Featherweight Perf Men's Golf Polo Shirt.,Not provided on source page,Not provided on source page,images/apparel/mens/2000000055381-51-01_pc-3e8e5d961e.webp,https://www.pgatoursuperstore.com/golf/mens-apparel/,https://cdn.media.amplience.net/i/pgatss/2000000055381-51-01_pc?$medium$&fmt=auto,3e8e5d961efa34b6b807ce0427e2780aad193c687f56b0628660af8590ba2789
apparel,mens,2000000060401-447-01_pc-accec88311.webp,Gingham Featherweight Performance Men's Golf Polo Shirt,Product image for Gingham Featherweight Performance Men's Golf Polo Shirt.,Not provided on source page,Not provided on source page,images/apparel/mens/2000000060401-447-01_pc-accec88311.webp,https://www.pgatoursuperstore.com/golf/mens-apparel/,https://cdn.media.amplience.net/i/pgatss/2000000060401-447-01_pc?$medium$&fmt=auto,accec88311b9cf5e4a941c7da09aef04c9b7655bdd3e8b6cee756702f6664ad8
apparel,mens,2000000060405-526-01_pc-71618125f4.webp,Water Hazard Featherweight Performance Men's Golf Polo Shirt,Product image for Water Hazard Featherweight Performance Men's Golf Polo Shirt.,Not provided on source page,Not provided on source page,images/apparel/mens/2000000060405-526-01_pc-71618125f4.webp,https://www.pgatoursuperstore.com/golf/mens-apparel/,https://cdn.media.amplience.net/i/pgatss/2000000060405-526-01_pc?$medium$&fmt=auto,71618125f4ccac04c35e660c51daf952c0b625d2aa2df4f43f4febe8a765c21f
apparel,mens,2000000055336-18-01_pc-bd0c08a74e.webp,Featherweight Festival Men's Golf Polo Shirt,Product image for Featherweight Festival Men's Golf Polo Shirt.,Not provided on source page,Not provided on source page,images/apparel/mens/2000000055336-18-01_pc-bd0c08a74e.webp,https://www.pgatoursuperstore.com/golf/mens-apparel/,https://cdn.media.amplience.net/i/pgatss/2000000055336-18-01_pc?$medium$&fmt=auto,bd0c08a74e049cd1ec6330d4ba84c4f96adc1b42805bb7bd925541293e42b633
apparel,mens,2000000061647-59-01_pc-53cea94475.webp,Golf Dad Bags Men's Pocket Golf T-Shirt,Product image for Golf Dad Bags Men's Pocket Golf T-Shirt.,Not provided on source page,Not provided on source page,images/apparel/mens/2000000061647-59-01_pc-53cea94475.webp,https://www.pgatoursuperstore.com/golf/mens-apparel/,https://cdn.media.amplience.net/i/pgatss/2000000061647-59-01_pc?$medium$&fmt=auto,53cea94475938e386a7ba5ec2faa6e59684b63fe8d26653eb544b22c9344fec6
apparel,mens,2000000054978-5-01_pc-55ac9efcbf.webp,SP26: Performance Printed Polo,Product image for SP26: Performance Printed Polo.,Not provided on source page,Not provided on source page,images/apparel/mens/2000000054978-5-01_pc-55ac9efcbf.webp,https://www.pgatoursuperstore.com/golf/mens-apparel/,https://cdn.media.amplience.net/i/pgatss/2000000054978-5-01_pc?$medium$&fmt=auto,55ac9efcbfd75982c22c01d21aa5d09fccaddc4482a97c30b90b2eb344206b7c
apparel,mens,2000000060402-38-01_pc-787d3073aa.webp,Market Stripe Featherweight Performance Men's Golf Polo Shirt,Product image for Market Stripe Featherweight Performance Men's Golf Polo Shirt.,Not provided on source page,Not provided on source page,images/apparel/mens/2000000060402-38-01_pc-787d3073aa.webp,https://www.pgatoursuperstore.com/golf/mens-apparel/,https://cdn.media.amplience.net/i/pgatss/2000000060402-38-01_pc?$medium$&fmt=auto,787d3073aaf552cc3f78f0b8d244c90bd4b4ede50f83073a4f5915629d6351e6
apparel,mens,2000000056944-39-01_pc-0c5dd14c6d.webp,Performance Cooling Men's Golf Quarter Zip,Product image for Performance Cooling Men's Golf Quarter Zip.,Not provided on source page,Not provided on source page,images/apparel/mens/2000000056944-39-01_pc-0c5dd14c6d.webp,https://www.pgatoursuperstore.com/golf/mens-apparel/,https://cdn.media.amplience.net/i/pgatss/2000000056944-39-01_pc?$medium$&fmt=auto,0c5dd14c6d5f205f4469405afa4cd8676d5913d35765280178a83bc0b0c6f310
apparel,mens,2000000057827-61-01_pc-a72036e68a.webp,US Open Lisle Locker Grid Print Men's Golf Polo Shirt,Product image for US Open Lisle Locker Grid Print Men's Golf Polo Shirt.,Not provided on source page,Not provided on source page,images/apparel/mens/2000000057827-61-01_pc-a72036e68a.webp,https://www.pgatoursuperstore.com/golf/mens-apparel/,https://cdn.media.amplience.net/i/pgatss/2000000057827-61-01_pc?$medium$&fmt=auto,a72036e68a00a14729cf215b0367d29302b64d8d32b388109cfee49048d6d7c1
apparel,mens,2000000054599-59-01_pc-1e29822ee4.webp,Dri-Fit Men's Good Floral Golf Polo Shirt,Product image for Dri-Fit Men's Good Floral Golf Polo Shirt.,Not provided on source page,Not provided on source page,images/apparel/mens/2000000054599-59-01_pc-1e29822ee4.webp,https://www.pgatoursuperstore.com/golf/mens-apparel/,https://cdn.media.amplience.net/i/pgatss/2000000054599-59-01_pc?$medium$&fmt=auto,1e29822ee45ee8a6b41c6064eefad531a905003ec180b996df140d4c79f726bd
apparel,womens,2000000045603-1109-01_pc-aa571058bd.webp,Moveknit Zip 2.0 Women's Sleeveless Golf Dress,Product image for Moveknit Zip 2.0 Women's Sleeveless Golf Dress.,Not provided on source page,Not provided on source page,images/apparel/womens/2000000045603-1109-01_pc-aa571058bd.webp,https://www.pgatoursuperstore.com/golf-womens-apparel/,https://cdn.media.amplience.net/i/pgatss/2000000045603-1109-01_pc?$medium$&fmt=auto,aa571058bdd3ee80fd693e38332f8ea77ac89eda3860121bc0ec84d949a89b08
apparel,womens,2000000061542-92-01_pc-06879bc1b3.webp,Tamara Women's Golf Skirt,Product image for Tamara Women's Golf Skirt.,Not provided on source page,Not provided on source page,images/apparel/womens/2000000061542-92-01_pc-06879bc1b3.webp,https://www.pgatoursuperstore.com/golf-womens-apparel/,https://cdn.media.amplience.net/i/pgatss/2000000061542-92-01_pc?$medium$&fmt=auto,06879bc1b3544b6d1549ac0b4ec2a053e691754b65a81f8a5eb765dde1856ad7
apparel,womens,2000000054735-38-01_pc-0519493e6b.webp,Moveknit Zip 2.0 Women's Sleeveless Golf Dress,Product image for Moveknit Zip 2.0 Women's Sleeveless Golf Dress.,Not provided on source page,Not provided on source page,images/apparel/womens/2000000054735-38-01_pc-0519493e6b.webp,https://www.pgatoursuperstore.com/golf-womens-apparel/,https://cdn.media.amplience.net/i/pgatss/2000000054735-38-01_pc?$medium$&fmt=auto,0519493e6b8cab4f8cbab24a71edc70a0da35ae1326b679ad1b4d2ce27a922ee
apparel,womens,2000000057652-57-01_pc-c89d23fa93.webp,Americana Printed Performance Quarter Zip Women's Golf Dress,Product image for Americana Printed Performance Quarter Zip Women's Golf Dress.,Not provided on source page,Not provided on source page,images/apparel/womens/2000000057652-57-01_pc-c89d23fa93.webp,https://www.pgatoursuperstore.com/golf-womens-apparel/,https://cdn.media.amplience.net/i/pgatss/2000000057652-57-01_pc?$medium$&fmt=auto,c89d23fa9353a0e50be438d43cee2fa26f14553d91addee9c4e99bb4ba810c8e
apparel,womens,2000000057230-72-01_pc-427d47ae5a.webp,Night Bloom Women's Sleeveless Golf Dress,Product image for Night Bloom Women's Sleeveless Golf Dress.,Not provided on source page,Not provided on source page,images/apparel/womens/2000000057230-72-01_pc-427d47ae5a.webp,https://www.pgatoursuperstore.com/golf-womens-apparel/,https://cdn.media.amplience.net/i/pgatss/2000000057230-72-01_pc?$medium$&fmt=auto,427d47ae5a8210e826a6cc9c43b8092258873cccda82634285adeb5b87ae6a1c
apparel,womens,2000000061545-92-01_pc-2d96cc943c.webp,Oslo Women's Sleeveless Golf Shirt,Product image for Oslo Women's Sleeveless Golf Shirt.,Not provided on source page,Not provided on source page,images/apparel/womens/2000000061545-92-01_pc-2d96cc943c.webp,https://www.pgatoursuperstore.com/golf-womens-apparel/,https://cdn.media.amplience.net/i/pgatss/2000000061545-92-01_pc?$medium$&fmt=auto,2d96cc943c52649f14e7ab77ba28b70a2922c6b3ea9d8fabada1ef1c388fe09e
apparel,womens,2000000054265-38-01_pc-bd6d26ccfc.webp,"Knockout A-Line Women's 16"" Golf Skort","Product image for Knockout A-Line Women's 16"" Golf Skort.",Not provided on source page,Not provided on source page,images/apparel/womens/2000000054265-38-01_pc-bd6d26ccfc.webp,https://www.pgatoursuperstore.com/golf-womens-apparel/,https://cdn.media.amplience.net/i/pgatss/2000000054265-38-01_pc?$medium$&fmt=auto,bd6d26ccfc0ae66c4c9c0fe4ae5c0fd5741e525a63625cb774bcb102bed818e3
apparel,womens,2000000054743-1117-01_pc-67eea8b7c0.webp,Moveknit Zip Printed 2.0 Women's Sleeveless Golf Dress,Product image for Moveknit Zip Printed 2.0 Women's Sleeveless Golf Dress.,Not provided on source page,Not provided on source page,images/apparel/womens/2000000054743-1117-01_pc-67eea8b7c0.webp,https://www.pgatoursuperstore.com/golf-womens-apparel/,https://cdn.media.amplience.net/i/pgatss/2000000054743-1117-01_pc?$medium$&fmt=auto,67eea8b7c0729aebb5b1ed669d1bd942769aa5ba69c070c93306651832a4a33e
apparel,womens,2000000060498-16-01_pc-314b1663cd.webp,Faux Wrap Performance Women's Sleeveless Golf Dress,Product image for Faux Wrap Performance Women's Sleeveless Golf Dress.,Not provided on source page,Not provided on source page,images/apparel/womens/2000000060498-16-01_pc-314b1663cd.webp,https://www.pgatoursuperstore.com/golf-womens-apparel/,https://cdn.media.amplience.net/i/pgatss/2000000060498-16-01_pc?$medium$&fmt=auto,314b1663cdf54902bf82e65ae56746f6ccb9b73999d865eb90fa898c8917d0e8
apparel,womens,2000000061527-109-01_pc-980a627551.webp,Zephyra Women's Sleeveless Golf Dress,Product image for Zephyra Women's Sleeveless Golf Dress.,Not provided on source page,Not provided on source page,images/apparel/womens/2000000061527-109-01_pc-980a627551.webp,https://www.pgatoursuperstore.com/golf-womens-apparel/,https://cdn.media.amplience.net/i/pgatss/2000000061527-109-01_pc?$medium$&fmt=auto,980a627551323b087093f3045a3080615c81db32970417fd448ae333403250f4
apparel,womens,2000000058131-92-01_pc-eb409966f1.webp,Frida Bow Women's Sleeveless Golf Polo Shirt,Product image for Frida Bow Women's Sleeveless Golf Polo Shirt.,Not provided on source page,Not provided on source page,images/apparel/womens/2000000058131-92-01_pc-eb409966f1.webp,https://www.pgatoursuperstore.com/golf-womens-apparel/,https://cdn.media.amplience.net/i/pgatss/2000000058131-92-01_pc?$medium$&fmt=auto,eb409966f1431f9f4586ae0382645a9cb9bac6080ab78231ad189b46c57765a5
apparel,womens,2000000056138-109-01_pc-7e222d5b28.webp,Gracie 2.0 Women's Sleeveless Golf Dress,Product image for Gracie 2.0 Women's Sleeveless Golf Dress.,Not provided on source page,Not provided on source page,images/apparel/womens/2000000056138-109-01_pc-7e222d5b28.webp,https://www.pgatoursuperstore.com/golf-womens-apparel/,https://cdn.media.amplience.net/i/pgatss/2000000056138-109-01_pc?$medium$&fmt=auto,7e222d5b28ff2686bc0e81bf8cb4f20fdc8472d2ab5febf48948cbc81df5c797
apparel,womens,2000000054666-5-01_pc-9e5350d58b.webp,"Moveknit Game Set Match 2.0 Women's 15"" Golf Skort","Product image for Moveknit Game Set Match 2.0 Women's 15"" Golf Skort.",Not provided on source page,Not provided on source page,images/apparel/womens/2000000054666-5-01_pc-9e5350d58b.webp,https://www.pgatoursuperstore.com/golf-womens-apparel/,https://cdn.media.amplience.net/i/pgatss/2000000054666-5-01_pc?$medium$&fmt=auto,9e5350d58b5df195e8b086a9b47fbc40fb8ce85f0eaa110d89ca6d2d34a40f6e
apparel,womens,2000000058519-1478-01_pc-649d7c8b94.webp,Skyloft Light Women's Sleeveless Golf Polo Shirt,Product image for Skyloft Light Women's Sleeveless Golf Polo Shirt.,Not provided on source page,Not provided on source page,images/apparel/womens/2000000058519-1478-01_pc-649d7c8b94.webp,https://www.pgatoursuperstore.com/golf-womens-apparel/,https://cdn.media.amplience.net/i/pgatss/2000000058519-1478-01_pc?$medium$&fmt=auto,649d7c8b949b4eb94610b02f344193f76f7aef4ab4a2b1397fd7055d15364d73
apparel,womens,2000000055834-61-01_pc-ea238fcf52.webp,Francoise Eyelet Women's Sleeveless Golf Dress,Product image for Francoise Eyelet Women's Sleeveless Golf Dress.,Not provided on source page,Not provided on source page,images/apparel/womens/2000000055834-61-01_pc-ea238fcf52.webp,https://www.pgatoursuperstore.com/golf-womens-apparel/,https://cdn.media.amplience.net/i/pgatss/2000000055834-61-01_pc?$medium$&fmt=auto,ea238fcf527d2d76fc3c2d18f0e562bc20286279e8782d9eb87f182bd30ae8b9
apparel,womens,2000000058130-758-01_pc-79d6e2497a.webp,Justine Women's Golf Quarter Zip,Product image for Justine Women's Golf Quarter Zip.,Not provided on source page,Not provided on source page,images/apparel/womens/2000000058130-758-01_pc-79d6e2497a.webp,https://www.pgatoursuperstore.com/golf-womens-apparel/,https://cdn.media.amplience.net/i/pgatss/2000000058130-758-01_pc?$medium$&fmt=auto,79d6e2497a26b8368fb8ce3d7c95db2a631d7e9063efa0025bc56b3d85551fa4
apparel,womens,2000000057274-677-01_pc-5172fe224b.webp,"Game Women's 16"" Golf Skort","Product image for Game Women's 16"" Golf Skort.",Not provided on source page,Not provided on source page,images/apparel/womens/2000000057274-677-01_pc-5172fe224b.webp,https://www.pgatoursuperstore.com/golf-womens-apparel/,https://cdn.media.amplience.net/i/pgatss/2000000057274-677-01_pc?$medium$&fmt=auto,5172fe224b43f0e026c44431c8ec673e5d543d73a66837ec47ec7a2855cee411
apparel,womens,2000000054804-927-01_pc-875e548c54.webp,Victory Dri-Fit Women's Short Sleeve Golf Polo Shirt,Product image for Victory Dri-Fit Women's Short Sleeve Golf Polo Shirt.,Not provided on source page,Not provided on source page,images/apparel/womens/2000000054804-927-01_pc-875e548c54.webp,https://www.pgatoursuperstore.com/golf-womens-apparel/,https://cdn.media.amplience.net/i/pgatss/2000000054804-927-01_pc?$medium$&fmt=auto,875e548c546f2b4c72f8659cce656c939d9712c17fcabb7732dbee85528d576a
apparel,womens,2000000058133-115-01_pc-1318b23de4.webp,"Huxley Women's 15"" Golf Skort","Product image for Huxley Women's 15"" Golf Skort.",Not provided on source page,Not provided on source page,images/apparel/womens/2000000058133-115-01_pc-1318b23de4.webp,https://www.pgatoursuperstore.com/golf-womens-apparel/,https://cdn.media.amplience.net/i/pgatss/2000000058133-115-01_pc?$medium$&fmt=auto,1318b23de470321b68308071e23d4b8179eeeb6585207eaafb18bdb14d89fb80
apparel,womens,2000000058132-115-01_pc-f7392dc2c4.webp,Jaydea Full Zip Women's Golf Jacket,Product image for Jaydea Full Zip Women's Golf Jacket.,Not provided on source page,Not provided on source page,images/apparel/womens/2000000058132-115-01_pc-f7392dc2c4.webp,https://www.pgatoursuperstore.com/golf-womens-apparel/,https://cdn.media.amplience.net/i/pgatss/2000000058132-115-01_pc?$medium$&fmt=auto,f7392dc2c489923cc5c44ede253b6019df9cd20cf1e4ff6a7f0217b44ea8692e
apparel,womens,2000000057647-92-01_pc-20d9faa978.webp,Piped Women's Sleeveless Golf Polo Shirt,Product image for Piped Women's Sleeveless Golf Polo Shirt.,Not provided on source page,Not provided on source page,images/apparel/womens/2000000057647-92-01_pc-20d9faa978.webp,https://www.pgatoursuperstore.com/golf-womens-apparel/,https://cdn.media.amplience.net/i/pgatss/2000000057647-92-01_pc?$medium$&fmt=auto,20d9faa9785ec27c361d9c3122c49f125bd8f196953e6f0f0285b9443b60b8c5
apparel,womens,2000000060499-5-01_pc-41dd930eca.webp,Ruffle Performance Women's Golf Dress,Product image for Ruffle Performance Women's Golf Dress.,Not provided on source page,Not provided on source page,images/apparel/womens/2000000060499-5-01_pc-41dd930eca.webp,https://www.pgatoursuperstore.com/golf-womens-apparel/,https://cdn.media.amplience.net/i/pgatss/2000000060499-5-01_pc?$medium$&fmt=auto,41dd930eca2d15ca902bc3381606b182eed41119e0896a0ae3b5d1fe66985dff
apparel,womens,2000000055431-92-01_pc-035e56e975.webp,"Pleated Women's 17"" Golf Skort","Product image for Pleated Women's 17"" Golf Skort.",Not provided on source page,Not provided on source page,images/apparel/womens/2000000055431-92-01_pc-035e56e975.webp,https://www.pgatoursuperstore.com/golf-womens-apparel/,https://cdn.media.amplience.net/i/pgatss/2000000055431-92-01_pc?$medium$&fmt=auto,035e56e975516e6ee9769edf2ed0441be2547f2e1ea2a2755344669ab1e8e5d8
apparel,womens,2000000058033-1119-01_pc-eaffbce1e9.webp,BreezeBlend Timeless Full Zip Women's Golf Jacket,Product image for BreezeBlend Timeless Full Zip Women's Golf Jacket.,Not provided on source page,Not provided on source page,images/apparel/womens/2000000058033-1119-01_pc-eaffbce1e9.webp,https://www.pgatoursuperstore.com/golf-womens-apparel/,https://cdn.media.amplience.net/i/pgatss/2000000058033-1119-01_pc?$medium$&fmt=auto,eaffbce1e9818701bbd53f40e2fb6b181393dd7244939e287933bd2f1741f72d
shoes,golf-shoes,2000000062157-01_pc-c7a99096e9.webp,Victory Tour 4 NRG Men's Spiked Golf Shoes (U.S. Open),Product image for Victory Tour 4 NRG Men's Spiked Golf Shoes (U.S. Open).,Not provided on source page,Not provided on source page,images/shoes/golf-shoes/2000000062157-01_pc-c7a99096e9.webp,https://www.pgatoursuperstore.com/golf/footwear/,https://cdn.media.amplience.net/i/pgatss/2000000062157-01_pc?$medium$&fmt=auto,c7a99096e98203fbed0058cb404eac17adc2072bdb775b2dcf178e91e1b85b68
shoes,golf-shoes,2000000062158-01_pc-33efc86813.webp,Next% Tour 3 NRG Men's Spiked Golf Shoes (U.S. Open),Product image for Next% Tour 3 NRG Men's Spiked Golf Shoes (U.S. Open).,Not provided on source page,Not provided on source page,images/shoes/golf-shoes/2000000062158-01_pc-33efc86813.webp,https://www.pgatoursuperstore.com/golf/footwear/,https://cdn.media.amplience.net/i/pgatss/2000000062158-01_pc?$medium$&fmt=auto,33efc868134f500ffe6c958ea23771c661f93ec8fc1aa636a8487ef000bfddbb
shoes,golf-shoes,2000000061815-1689-01_pc-dd497cac7f.webp,Todd Snyder X FootJoy - Premiere Series Marquis Men's Golf Shoes,Product image for Todd Snyder X FootJoy - Premiere Series Marquis Men's Golf Shoes.,Not provided on source page,Not provided on source page,images/shoes/golf-shoes/2000000061815-1689-01_pc-dd497cac7f.webp,https://www.pgatoursuperstore.com/golf/footwear/,https://cdn.media.amplience.net/i/pgatss/2000000061815-1689-01_pc?$medium$&fmt=auto,dd497cac7fe20e2ed75d491236a03cf3c066978a214c7efd371ae17ad627444c
shoes,golf-shoes,2000000061814-1689-01_pc-972f590a3d.webp,Todd Snyder X FootJoy - Premiere Series Packard Men's Golf Shoes,Product image for Todd Snyder X FootJoy - Premiere Series Packard Men's Golf Shoes.,Not provided on source page,Not provided on source page,images/shoes/golf-shoes/2000000061814-1689-01_pc-972f590a3d.webp,https://www.pgatoursuperstore.com/golf/footwear/,https://cdn.media.amplience.net/i/pgatss/2000000061814-1689-01_pc?$medium$&fmt=auto,972f590a3d25bd3cda4d47b60447a1487a2433e4e2d794905440b1eca920b4a9
shoes,golf-shoes,2000000056604-87-01_pc-bec7c35579.webp,Jordan Grind Men's Spikeless Golf Shoes,Product image for Jordan Grind Men's Spikeless Golf Shoes.,Not provided on source page,Not provided on source page,images/shoes/golf-shoes/2000000056604-87-01_pc-bec7c35579.webp,https://www.pgatoursuperstore.com/golf/footwear/,https://cdn.media.amplience.net/i/pgatss/2000000056604-87-01_pc?$medium$&fmt=auto,bec7c355793a411e8089b1de85fa673b7f2bb861c252fa240765568e2d0d1393
shoes,golf-shoes,2000000061813-1688-01_pc-2c0615b644.webp,2026 Legends Series - Premiere Series Marquis Men's Golf Shoes,Product image for 2026 Legends Series - Premiere Series Marquis Men's Golf Shoes.,Not provided on source page,Not provided on source page,images/shoes/golf-shoes/2000000061813-1688-01_pc-2c0615b644.webp,https://www.pgatoursuperstore.com/golf/footwear/,https://cdn.media.amplience.net/i/pgatss/2000000061813-1688-01_pc?$medium$&fmt=auto,2c0615b644d106f2b08875044858aed92edcf217fa450059070d3396bb190dd0
shoes,golf-shoes,2000000056859-83-01_pc-aa90f62468.webp,Tempo G Men's Spikeless Golf Shoes,Product image for Tempo G Men's Spikeless Golf Shoes.,Not provided on source page,Not provided on source page,images/shoes/golf-shoes/2000000056859-83-01_pc-aa90f62468.webp,https://www.pgatoursuperstore.com/golf/footwear/,https://cdn.media.amplience.net/i/pgatss/2000000056859-83-01_pc?$medium$&fmt=auto,aa90f624687ff43e995a10f900e7d492c622bf33e7c406c76feb7a0f762b3c41
shoes,golf-shoes,2000000061812-1687-01_pc-5e63fb4f13.webp,2026 Legends Series - Premiere Series Packard Men's Golf Shoes,Product image for 2026 Legends Series - Premiere Series Packard Men's Golf Shoes.,Not provided on source page,Not provided on source page,images/shoes/golf-shoes/2000000061812-1687-01_pc-5e63fb4f13.webp,https://www.pgatoursuperstore.com/golf/footwear/,https://cdn.media.amplience.net/i/pgatss/2000000061812-1687-01_pc?$medium$&fmt=auto,5e63fb4f13c743e107a047f68e64dec1d1eb9014501c2d99de2245ab4a413256
shoes,golf-shoes,2000000058765-86-01_pc-d60ad78b0f.webp,Premiere Series - 2026 Packard Men's Spiked Golf Shoes,Product image for Premiere Series - 2026 Packard Men's Spiked Golf Shoes.,Not provided on source page,Not provided on source page,images/shoes/golf-shoes/2000000058765-86-01_pc-d60ad78b0f.webp,https://www.pgatoursuperstore.com/golf/footwear/,https://cdn.media.amplience.net/i/pgatss/2000000058765-86-01_pc?$medium$&fmt=auto,d60ad78b0f1a731c150bf0bfe47caf08e17d8ff35258efa36f291f9520a91380
shoes,golf-shoes,2000000055152-39-01_pc-08b315caf1.webp,Fresh Foam Contend v3 Men's Spikeless Golf Shoes,Product image for Fresh Foam Contend v3 Men's Spikeless Golf Shoes.,Not provided on source page,Not provided on source page,images/shoes/golf-shoes/2000000055152-39-01_pc-08b315caf1.webp,https://www.pgatoursuperstore.com/golf/footwear/,https://cdn.media.amplience.net/i/pgatss/2000000055152-39-01_pc?$medium$&fmt=auto,08b315caf1c4176c7c39c258ad23fdbed34cb04b2b36303283623d448ffac7b4
shoes,golf-shoes,2000000061719-109-01_pc-45032ed3b0.webp,Contour Men's Spikeless Golf Shoes,Product image for Contour Men's Spikeless Golf Shoes.,Not provided on source page,Not provided on source page,images/shoes/golf-shoes/2000000061719-109-01_pc-45032ed3b0.webp,https://www.pgatoursuperstore.com/golf/footwear/,https://cdn.media.amplience.net/i/pgatss/2000000061719-109-01_pc?$medium$&fmt=auto,45032ed3b0725cc205185112d4bba6f0db45641e24f2ddfb0967b6fb5dd114ee
shoes,golf-shoes,2000000059493-40-01_pc-ba576984f8.webp,Fusion Grip ST Men's Spiked Golf Shoes,Product image for Fusion Grip ST Men's Spiked Golf Shoes.,Not provided on source page,Not provided on source page,images/shoes/golf-shoes/2000000059493-40-01_pc-ba576984f8.webp,https://www.pgatoursuperstore.com/golf/footwear/,https://cdn.media.amplience.net/i/pgatss/2000000059493-40-01_pc?$medium$&fmt=auto,ba576984f8d4c36b986b0b934ccf15c913dad7bd493a3a914d69c40c7c45a64f
shoes,golf-shoes,2000000055182-87-01_pc-d32a83d216.webp,Swami SL Men's Spikeless Golf Shoes,Product image for Swami SL Men's Spikeless Golf Shoes.,Not provided on source page,Not provided on source page,images/shoes/golf-shoes/2000000055182-87-01_pc-d32a83d216.webp,https://www.pgatoursuperstore.com/golf/footwear/,https://cdn.media.amplience.net/i/pgatss/2000000055182-87-01_pc?$medium$&fmt=auto,d32a83d2169ecfaf5262c52f363cd16bca7e10909d740887e92670b2fba8deb5
shoes,golf-shoes,2000000061870-553-01_pc-2697c744bd.webp,Blade Tour Fairway Heritage Men's Spiked Golf Shoes,Product image for Blade Tour Fairway Heritage Men's Spiked Golf Shoes.,Not provided on source page,Not provided on source page,images/shoes/golf-shoes/2000000061870-553-01_pc-2697c744bd.webp,https://www.pgatoursuperstore.com/golf/footwear/,https://cdn.media.amplience.net/i/pgatss/2000000061870-553-01_pc?$medium$&fmt=auto,2697c744bdb5086aee3c4626d75dcd28fd0a82847fcb5d5e4ad1206375964996
shoes,golf-shoes,2000000061713-501-01_pc-f89e95a1a4.webp,NuAge Mega Men's Spiked Golf Shoe,Product image for NuAge Mega Men's Spiked Golf Shoe.,Not provided on source page,Not provided on source page,images/shoes/golf-shoes/2000000061713-501-01_pc-f89e95a1a4.webp,https://www.pgatoursuperstore.com/golf/footwear/,https://cdn.media.amplience.net/i/pgatss/2000000061713-501-01_pc?$medium$&fmt=auto,f89e95a1a4e9467fe5c0e229f7230ee870196ff7697a06f99e0c31342f6542b2
shoes,golf-shoes,2000000047011-5-01_pc-faed680eec.webp,S-Casual Men's Spikeless Golf Shoes,Product image for S-Casual Men's Spikeless Golf Shoes.,Not provided on source page,Not provided on source page,images/shoes/golf-shoes/2000000047011-5-01_pc-faed680eec.webp,https://www.pgatoursuperstore.com/golf/footwear/,https://cdn.media.amplience.net/i/pgatss/2000000047011-5-01_pc?$medium$&fmt=auto,faed680eec69e75edf892bd2b0d4910f129583a77f7cb24547b603665e884d0c
shoes,golf-shoes,2000000053981-87-01_pc-59a8c0130f.webp,NuAge Mega Men's Spiked Golf Shoes,Product image for NuAge Mega Men's Spiked Golf Shoes.,Not provided on source page,Not provided on source page,images/shoes/golf-shoes/2000000053981-87-01_pc-59a8c0130f.webp,https://www.pgatoursuperstore.com/golf/footwear/,https://cdn.media.amplience.net/i/pgatss/2000000053981-87-01_pc?$medium$&fmt=auto,59a8c0130fb2b244cd93eeed34e032dde7a40e714efe57966611a6a908c7e3dd
shoes,golf-shoes,2000000061717-93-01_pc-c0cfa8bb0f.webp,Tour Classic Men's Spikeless Golf Shoes,Product image for Tour Classic Men's Spikeless Golf Shoes.,Not provided on source page,Not provided on source page,images/shoes/golf-shoes/2000000061717-93-01_pc-c0cfa8bb0f.webp,https://www.pgatoursuperstore.com/golf/footwear/,https://cdn.media.amplience.net/i/pgatss/2000000061717-93-01_pc?$medium$&fmt=auto,c0cfa8bb0fe95ecc6e452b46ff0e8c607a4c6ac3fd955d54388c1e821b80b568
shoes,golf-shoes,2000000058764-6-01_pc-3817549e42.webp,Premiere Series - 2026 Men's Marquis Spiked Golf Shoes,Product image for Premiere Series - 2026 Men's Marquis Spiked Golf Shoes.,Not provided on source page,Not provided on source page,images/shoes/golf-shoes/2000000058764-6-01_pc-3817549e42.webp,https://www.pgatoursuperstore.com/golf/footwear/,https://cdn.media.amplience.net/i/pgatss/2000000058764-6-01_pc?$medium$&fmt=auto,3817549e42036698a661981dd7cecdc39e2cae72d01e33858014f546645b9ace
shoes,golf-shoes,2000000055187-351-01_pc-9d0217eb2f.webp,Fresh Foam Contend v3 Women's Spikeless Golf Shoe,Product image for Fresh Foam Contend v3 Women's Spikeless Golf Shoe.,Not provided on source page,Not provided on source page,images/shoes/golf-shoes/2000000055187-351-01_pc-9d0217eb2f.webp,https://www.pgatoursuperstore.com/golf/footwear/,https://cdn.media.amplience.net/i/pgatss/2000000055187-351-01_pc?$medium$&fmt=auto,9d0217eb2f42295cd70b7332225fe23de41d6fc62ea6e91fc108e1ab8e5c629b
shoes,golf-shoes,2000000059719-3-01_pc-0a1432806b.webp,997 Men's Spiked Golf Shoes,Product image for 997 Men's Spiked Golf Shoes.,Not provided on source page,Not provided on source page,images/shoes/golf-shoes/2000000059719-3-01_pc-0a1432806b.webp,https://www.pgatoursuperstore.com/golf/footwear/,https://cdn.media.amplience.net/i/pgatss/2000000059719-3-01_pc?$medium$&fmt=auto,0a1432806b05945c1ba5f45b929bc6cf6fc7cedeb7aaefbefe6407e465473e02
shoes,golf-shoes,2000000058399-01_pc-72437ecb33.webp,Dandy Leggero Men's Spikeless Golf Shoes,Product image for Dandy Leggero Men's Spikeless Golf Shoes.,Not provided on source page,Not provided on source page,images/shoes/golf-shoes/2000000058399-01_pc-72437ecb33.webp,https://www.pgatoursuperstore.com/golf/footwear/,https://cdn.media.amplience.net/i/pgatss/2000000058399-01_pc?$medium$&fmt=auto,72437ecb333e8b7372631e5702a494955f521402d796eb052f38e4d241faec32
shoes,golf-shoes,2000000055331-84-01_pc-d97f2038f2.webp,Premiere Series - 2026 Packard Women's Spiked Golf Shoes,Product image for Premiere Series - 2026 Packard Women's Spiked Golf Shoes.,Not provided on source page,Not provided on source page,images/shoes/golf-shoes/2000000055331-84-01_pc-d97f2038f2.webp,https://www.pgatoursuperstore.com/golf/footwear/,https://cdn.media.amplience.net/i/pgatss/2000000055331-84-01_pc?$medium$&fmt=auto,d97f2038f259337a0e4b25ec75130f555a58dbdabbafaf99b860276b1ac96cc0
shoes,golf-shoes,2000000058391-92-01_pc-b47bc62d8a.webp,Andiamo Women's Waterproof Spikeless Golf Shoes,Product image for Andiamo Women's Waterproof Spikeless Golf Shoes.,Not provided on source page,Not provided on source page,images/shoes/golf-shoes/2000000058391-92-01_pc-b47bc62d8a.webp,https://www.pgatoursuperstore.com/golf/footwear/,https://cdn.media.amplience.net/i/pgatss/2000000058391-92-01_pc?$medium$&fmt=auto,b47bc62d8a49ae2847ece2cf5f4be70ef65f0614a7d4eb1a26319d3cd9b27a8e
equipment,golf-balls,2000000061434-01_pc-d7700b7e9f.webp,"Pro V1 AIM Red, White, & Blue 1776","Product image for Pro V1 AIM Red, White, & Blue 1776.",Not provided on source page,Not provided on source page,images/equipment/golf-balls/2000000061434-01_pc-d7700b7e9f.webp,https://www.pgatoursuperstore.com/golf-balls/,https://cdn.media.amplience.net/i/pgatss/2000000061434-01_pc?$medium$&fmt=auto,d7700b7e9f86e96408ad2f1f33117fa09bbf6320c321f0752b3c3ae5fc0b7c22
equipment,golf-balls,2000000061330-01_pc-cce49404c7.webp,Titleist TruFeel Double Dozen,Product image for Titleist TruFeel Double Dozen.,Not provided on source page,Not provided on source page,images/equipment/golf-balls/2000000061330-01_pc-cce49404c7.webp,https://www.pgatoursuperstore.com/golf-balls/,https://cdn.media.amplience.net/i/pgatss/2000000061330-01_pc?$medium$&fmt=auto,cce49404c70bdb3327a88665ad94a8205f0addda052d7e396caf750b9fa0288b
equipment,golf-balls,2000000061106-01_pc-53d173f6e3.webp,Z-Star Diamond 3 USA26 Golf Balls,Product image for Z-Star Diamond 3 USA26 Golf Balls.,Not provided on source page,Not provided on source page,images/equipment/golf-balls/2000000061106-01_pc-53d173f6e3.webp,https://www.pgatoursuperstore.com/golf-balls/,https://cdn.media.amplience.net/i/pgatss/2000000061106-01_pc?$medium$&fmt=auto,53d173f6e3d51d4afe3c3cb13effaf7d98d51d2619022b4206dd3208430eeb67
equipment,golf-balls,2000000059357-01_pc-1b849979d7.webp,Supersoft USA 250 Golf Balls 2026,Product image for Supersoft USA 250 Golf Balls 2026.,Not provided on source page,Not provided on source page,images/equipment/golf-balls/2000000059357-01_pc-1b849979d7.webp,https://www.pgatoursuperstore.com/golf-balls/,https://cdn.media.amplience.net/i/pgatss/2000000059357-01_pc?$medium$&fmt=auto,1b849979d787ff641c1670806eb3019d87fe300bf0b7446beb96b4d70fab4c0f
equipment,golf-balls,2000000060165-01_pc-39569606d9.webp,Chrome Tour 26 Golf Balls Cocktails,Product image for Chrome Tour 26 Golf Balls Cocktails.,Not provided on source page,Not provided on source page,images/equipment/golf-balls/2000000060165-01_pc-39569606d9.webp,https://www.pgatoursuperstore.com/golf-balls/,https://cdn.media.amplience.net/i/pgatss/2000000060165-01_pc?$medium$&fmt=auto,39569606d95b77632056fa7cc3cc1908167136fe860e97c3e8e45feeb297e34f
equipment,golf-balls,2000000061119-01_pc-41f81f4310.webp,Chrome Tour Triple Diamond Triple Track 26 Golf Balls,Product image for Chrome Tour Triple Diamond Triple Track 26 Golf Balls.,Not provided on source page,Not provided on source page,images/equipment/golf-balls/2000000061119-01_pc-41f81f4310.webp,https://www.pgatoursuperstore.com/golf-balls/,https://cdn.media.amplience.net/i/pgatss/2000000061119-01_pc?$medium$&fmt=auto,41f81f4310a7ab7c4b79087000e90a8c0023654ddb797d480785612857de4dd5
equipment,golf-balls,2000000058255-01_pc-1f583ca211.webp,TP5 PIX USA 2026 Golf Balls,Product image for TP5 PIX USA 2026 Golf Balls.,Not provided on source page,Not provided on source page,images/equipment/golf-balls/2000000058255-01_pc-1f583ca211.webp,https://www.pgatoursuperstore.com/golf-balls/,https://cdn.media.amplience.net/i/pgatss/2000000058255-01_pc?$medium$&fmt=auto,1f583ca211dca5dece10d20d890ed1bd0520033393acd5b6f1b4185117593af4
equipment,golf-balls,2000000058166-96-01_pc-cdf80d6d19.webp,Tour Response Stripe 2026 Golf Balls,Product image for Tour Response Stripe 2026 Golf Balls.,Not provided on source page,Not provided on source page,images/equipment/golf-balls/2000000058166-96-01_pc-cdf80d6d19.webp,https://www.pgatoursuperstore.com/golf-balls/,https://cdn.media.amplience.net/i/pgatss/2000000058166-96-01_pc?$medium$&fmt=auto,cdf80d6d1989c4b9c52f3555d4a51bf37d51c25975fdcdd35b3f2fb4896141bb
equipment,golf-balls,2000000061978-01_pc-48b027e4db.webp,TP5 Hot Shot 2026 Golf Balls,Product image for TP5 Hot Shot 2026 Golf Balls.,Not provided on source page,Not provided on source page,images/equipment/golf-balls/2000000061978-01_pc-48b027e4db.webp,https://www.pgatoursuperstore.com/golf-balls/,https://cdn.media.amplience.net/i/pgatss/2000000061978-01_pc?$medium$&fmt=auto,48b027e4db0aee37a04ab62e54bee55909a4e557c2ab1aac015d2371521e7694
equipment,golf-balls,2000000060159-01_pc-69a8e17465.webp,Supersoft Distressed Blue Stripe Golf Balls,Product image for Supersoft Distressed Blue Stripe Golf Balls.,Not provided on source page,Not provided on source page,images/equipment/golf-balls/2000000060159-01_pc-69a8e17465.webp,https://www.pgatoursuperstore.com/golf-balls/,https://cdn.media.amplience.net/i/pgatss/2000000060159-01_pc?$medium$&fmt=auto,69a8e17465a08da459076867c87281a180a3c4b314ced7977200faec3c8db657
equipment,golf-balls,2000000042256-92-01_pc-73b40dc309.webp,TP5x MySymbol 2026 Golf Balls,Product image for TP5x MySymbol 2026 Golf Balls.,Not provided on source page,Not provided on source page,images/equipment/golf-balls/2000000042256-92-01_pc-73b40dc309.webp,https://www.pgatoursuperstore.com/golf-balls/,https://cdn.media.amplience.net/i/pgatss/2000000042256-92-01_pc?$medium$&fmt=auto,73b40dc30901f73e1604c01e39a3b2c3196e4ae2b216f2dfda362db164cff02d
equipment,golf-balls,2000000061435-01_pc-3562b331d6.webp,Velocity USA AIM Golf Balls 2026,Product image for Velocity USA AIM Golf Balls 2026.,Not provided on source page,Not provided on source page,images/equipment/golf-balls/2000000061435-01_pc-3562b331d6.webp,https://www.pgatoursuperstore.com/golf-balls/,https://cdn.media.amplience.net/i/pgatss/2000000061435-01_pc?$medium$&fmt=auto,3562b331d6838cd877a7d8f3d34e96bc350457cf2710a3a6d10eeea3798ec251
equipment,golf-balls,2000000061118-01_pc-93b0b7a203.webp,Chrome Tour Triple Diamond 2026 Golf Balls,Product image for Chrome Tour Triple Diamond 2026 Golf Balls.,Not provided on source page,Not provided on source page,images/equipment/golf-balls/2000000061118-01_pc-93b0b7a203.webp,https://www.pgatoursuperstore.com/golf-balls/,https://cdn.media.amplience.net/i/pgatss/2000000061118-01_pc?$medium$&fmt=auto,93b0b7a20368c15d749c40e93becf298a47cd14c10842a290079b1da028f5873
equipment,golf-balls,2000000061979-01_pc-f350c67244.webp,TP5x Hot Shot 2026 Golf Balls,Product image for TP5x Hot Shot 2026 Golf Balls.,Not provided on source page,Not provided on source page,images/equipment/golf-balls/2000000061979-01_pc-f350c67244.webp,https://www.pgatoursuperstore.com/golf-balls/,https://cdn.media.amplience.net/i/pgatss/2000000061979-01_pc?$medium$&fmt=auto,f350c67244b489db080d0a6d1336066f2b64bfc34982cc3dcfde788c6b7a41bb
equipment,golf-balls,2000000042254-92-01_pc-ff0309cbac.webp,TP5x 2026 Personalized Golf Balls,Product image for TP5x 2026 Personalized Golf Balls.,Not provided on source page,Not provided on source page,images/equipment/golf-balls/2000000042254-92-01_pc-ff0309cbac.webp,https://www.pgatoursuperstore.com/golf-balls/,https://cdn.media.amplience.net/i/pgatss/2000000042254-92-01_pc?$medium$&fmt=auto,ff0309cbac5667dab73d7c36dffd87922f762df7504c840015a60e75a136edef
equipment,golf-balls,2000000058263-92-01_pc-899aba1648.webp,Tour Response Stripe USA 2026 Golf Balls,Product image for Tour Response Stripe USA 2026 Golf Balls.,Not provided on source page,Not provided on source page,images/equipment/golf-balls/2000000058263-92-01_pc-899aba1648.webp,https://www.pgatoursuperstore.com/golf-balls/,https://cdn.media.amplience.net/i/pgatss/2000000058263-92-01_pc?$medium$&fmt=auto,899aba16482ff68c6f1b3f24920ea2abb43a22b090a0bfc7b0f18130cfc66f70
equipment,golf-balls,2000000060164-01_pc-6244504df0.webp,Supersoft Mother's Day 26 Golf Balls,Product image for Supersoft Mother's Day 26 Golf Balls.,Not provided on source page,Not provided on source page,images/equipment/golf-balls/2000000060164-01_pc-6244504df0.webp,https://www.pgatoursuperstore.com/golf-balls/,https://cdn.media.amplience.net/i/pgatss/2000000060164-01_pc?$medium$&fmt=auto,6244504df001fbfa15f3794bcd8f52904f56f28e7fa043c1608a3a1037d0427e
equipment,golf-balls,2000000058259-01_pc-c817162808.webp,TP5x PIX USA 2026 Golf Balls,Product image for TP5x PIX USA 2026 Golf Balls.,Not provided on source page,Not provided on source page,images/equipment/golf-balls/2000000058259-01_pc-c817162808.webp,https://www.pgatoursuperstore.com/golf-balls/,https://cdn.media.amplience.net/i/pgatss/2000000058259-01_pc?$medium$&fmt=auto,c8171628084954c347e9219888cac119ba326cb881b49820fcf786cfd391c480
equipment,golf-balls,2000000059503-01_pc-9933da1b38.webp,Pro V1 Georgia Tech Golf Balls,Product image for Pro V1 Georgia Tech Golf Balls.,Not provided on source page,Not provided on source page,images/equipment/golf-balls/2000000059503-01_pc-9933da1b38.webp,https://www.pgatoursuperstore.com/golf-balls/,https://cdn.media.amplience.net/i/pgatss/2000000059503-01_pc?$medium$&fmt=auto,9933da1b38114446770308ec5db4bafc50653df61e737290c8e086a7a38341df
equipment,golf-balls,2000000060903-01_pc-73118d72db.webp,Xtreme Tour Golf Balls,Product image for Xtreme Tour Golf Balls.,Not provided on source page,Not provided on source page,images/equipment/golf-balls/2000000060903-01_pc-73118d72db.webp,https://www.pgatoursuperstore.com/golf-balls/,https://cdn.media.amplience.net/i/pgatss/2000000060903-01_pc?$medium$&fmt=auto,73118d72db1b5cfb25237d1cae2363d56cd36224b2d384140f9da76031568bad
equipment,golf-balls,2000000060904-01_pc-b7b106e870.webp,Xtreme Tour X Golf Balls,Product image for Xtreme Tour X Golf Balls.,Not provided on source page,Not provided on source page,images/equipment/golf-balls/2000000060904-01_pc-b7b106e870.webp,https://www.pgatoursuperstore.com/golf-balls/,https://cdn.media.amplience.net/i/pgatss/2000000060904-01_pc?$medium$&fmt=auto,b7b106e8702d4316ada1b1b92dff382821664f640ac41ee61227d8e4241731a7
equipment,golf-balls,2000000061854-01_pc-ce82fa0d33.webp,TP5x Performance Stripe 2026 Golf Balls (6-Ball Pack),Product image for TP5x Performance Stripe 2026 Golf Balls (6-Ball Pack).,Not provided on source page,Not provided on source page,images/equipment/golf-balls/2000000061854-01_pc-ce82fa0d33.webp,https://www.pgatoursuperstore.com/golf-balls/,https://cdn.media.amplience.net/i/pgatss/2000000061854-01_pc?$medium$&fmt=auto,ce82fa0d333296f1a4004aabe24ec27505f6fe77fa44291bdcd19f86d69be0b6
equipment,golf-balls,2000000058262-92-01_pc-7bd37b5e01.webp,Tour Response 2026 Golf Balls,Product image for Tour Response 2026 Golf Balls.,Not provided on source page,Not provided on source page,images/equipment/golf-balls/2000000058262-92-01_pc-7bd37b5e01.webp,https://www.pgatoursuperstore.com/golf-balls/,https://cdn.media.amplience.net/i/pgatss/2000000058262-92-01_pc?$medium$&fmt=auto,7bd37b5e019de71e36acbd4c0fe7023d7a2132cb7b1135114498425e6d62b1e7
equipment,golf-balls,2000000061848-01_pc-097164aad7.webp,Chrome Tour Hotdog 2026 Golf Balls,Product image for Chrome Tour Hotdog 2026 Golf Balls.,Not provided on source page,Not provided on source page,images/equipment/golf-balls/2000000061848-01_pc-097164aad7.webp,https://www.pgatoursuperstore.com/golf-balls/,https://cdn.media.amplience.net/i/pgatss/2000000061848-01_pc?$medium$&fmt=auto,097164aad743a1839c55d277e08ddb72126dfb47037a1097bbc1da82f8395fba
equipment,accessories-and-training,2000000052580-01_pc-cb1cd09eff.webp,Destination North Carolina Blade Putter Headcover,Product image for Destination North Carolina Blade Putter Headcover.,Not provided on source page,Not provided on source page,images/equipment/accessories-and-training/2000000052580-01_pc-cb1cd09eff.webp,https://www.pgatoursuperstore.com/golf-accessories/,https://cdn.media.amplience.net/i/pgatss/2000000052580-01_pc?$medium$&fmt=auto,cb1cd09eff705415869e51d94a5bf7d30cd5766a319c09e472da6f3eeb7c7e1d
equipment,accessories-and-training,2000000050257-01_pc-070a7c27c5.webp,Club Scrub Pro,Product image for Club Scrub Pro.,Not provided on source page,Not provided on source page,images/equipment/accessories-and-training/2000000050257-01_pc-070a7c27c5.webp,https://www.pgatoursuperstore.com/golf-accessories/,https://cdn.media.amplience.net/i/pgatss/2000000050257-01_pc?$medium$&fmt=auto,070a7c27c5efeb9f6e1ddcb36dbcdc8ebe0648779198863a1b8d79f11dd913ae
equipment,accessories-and-training,2000000050686-117-01_pc-e8807554a6.webp,Approach S44 Golf GPS Watch,Product image for Approach S44 Golf GPS Watch.,Not provided on source page,Not provided on source page,images/equipment/accessories-and-training/2000000050686-117-01_pc-e8807554a6.webp,https://www.pgatoursuperstore.com/golf-accessories/,https://cdn.media.amplience.net/i/pgatss/2000000050686-117-01_pc?$medium$&fmt=auto,e8807554a69a6a111ff99907cc6b851dcf32ce376f7d640d523965ecbf0ca382
equipment,accessories-and-training,0200211000123-01_pc-51c422a3e2.webp,Titleist Players Golf Glove,Product image for Titleist Players Golf Glove.,Not provided on source page,Not provided on source page,images/equipment/accessories-and-training/0200211000123-01_pc-51c422a3e2.webp,https://www.pgatoursuperstore.com/golf-accessories/,https://cdn.media.amplience.net/i/pgatss/0200211000123-01_pc?$medium$&fmt=auto,51c422a3e296dbaf5b47f9116354b8b82624a6282dacf124f25f86eeefb5aced
equipment,accessories-and-training,2000000057993-01_pc-645c5bf741.webp,Putting Thing Training Aid,Product image for Putting Thing Training Aid.,Not provided on source page,Not provided on source page,images/equipment/accessories-and-training/2000000057993-01_pc-645c5bf741.webp,https://www.pgatoursuperstore.com/golf-accessories/,https://cdn.media.amplience.net/i/pgatss/2000000057993-01_pc?$medium$&fmt=auto,645c5bf741da3dc47f1e291cfa2079e2f73d7be80bbfccc38bc63323e7fdb9bf
equipment,accessories-and-training,2000000052373-01_pc-c9d8a07c8c.webp,BucketGolf 6-Hole Golf Game Set,Product image for BucketGolf 6-Hole Golf Game Set.,Not provided on source page,Not provided on source page,images/equipment/accessories-and-training/2000000052373-01_pc-c9d8a07c8c.webp,https://www.pgatoursuperstore.com/golf-accessories/,https://cdn.media.amplience.net/i/pgatss/2000000052373-01_pc?$medium$&fmt=auto,c9d8a07c8c190833d27cae13262bf030d3dc695351bf9b593817bb4ed3651115
equipment,accessories-and-training,0200211000122-01_pc-65fbf4918c.webp,Titleist Perma-Soft Golf Glove,Product image for Titleist Perma-Soft Golf Glove.,Not provided on source page,Not provided on source page,images/equipment/accessories-and-training/0200211000122-01_pc-65fbf4918c.webp,https://www.pgatoursuperstore.com/golf-accessories/,https://cdn.media.amplience.net/i/pgatss/0200211000122-01_pc?$medium$&fmt=auto,65fbf4918c20667292e2305439b5a5002aaa261d6325910a39bca699168d5ca8
equipment,accessories-and-training,2000000057713-01_pc-807aedba5b.webp,Club Dock Wall Bag Holder,Product image for Club Dock Wall Bag Holder.,Not provided on source page,Not provided on source page,images/equipment/accessories-and-training/2000000057713-01_pc-807aedba5b.webp,https://www.pgatoursuperstore.com/golf-accessories/,https://cdn.media.amplience.net/i/pgatss/2000000057713-01_pc?$medium$&fmt=auto,807aedba5b931b9f87cbff4fa2ee93da4a42f2d2e233162cd0477774b0a53604
equipment,accessories-and-training,2000000051490-01_pc-b31ab4af03.webp,Smart Sensors (GEN 4) Golf GPS Trackers,Product image for Smart Sensors (GEN 4) Golf GPS Trackers.,Not provided on source page,Not provided on source page,images/equipment/accessories-and-training/2000000051490-01_pc-b31ab4af03.webp,https://www.pgatoursuperstore.com/golf-accessories/,https://cdn.media.amplience.net/i/pgatss/2000000051490-01_pc?$medium$&fmt=auto,b31ab4af03b297eda6ff96e4ad8992d80f69dfc7fe99f5cf951b7d95277d841c
equipment,golf-balls,titleist-pro-v1-dozen-fbd5d07c93.webp,Titleist Pro V1 (Dozen),For low-handicap players who want tour distance off the tee with soft greenside spin.,Not provided on source page,$54.99,images/equipment/golf-balls/titleist-pro-v1-dozen-fbd5d07c93.webp,references/090426/pos-item-imagery,01 - TITLEIST PRO V1 BOX/01_product_image.png,
equipment,golf-balls,titleist-pro-v1x-dozen-033f9a9bf1.webp,Titleist Pro V1x (Dozen),"For skilled players wanting a higher ball flight, firmer feel, and more iron spin.",Not provided on source page,$54.99,images/equipment/golf-balls/titleist-pro-v1x-dozen-033f9a9bf1.webp,references/090426/pos-item-imagery,02 - TITLEIST PRO V1X BOX/01_product_image.png,
equipment,golf-balls,titleist-pro-v1-sleeve-of-3-fbd5d07c93.webp,Titleist Pro V1 (Sleeve of 3),Three-ball sleeve of the Pro V1 for players who want tour distance and greenside control.,Not provided on source page,$18.99,images/equipment/golf-balls/titleist-pro-v1-sleeve-of-3-fbd5d07c93.webp,references/090426/pos-item-imagery,03 - TITLEIST PRO V1 SLEEVE/01_product_image.png,
equipment,golf-balls,titleist-pro-v1x-sleeve-of-3-033f9a9bf1.webp,Titleist Pro V1x (Sleeve of 3),"Three-ball sleeve of the Pro V1x for higher flight, firmer feel, and added iron spin.",Not provided on source page,$18.99,images/equipment/golf-balls/titleist-pro-v1x-sleeve-of-3-033f9a9bf1.webp,references/090426/pos-item-imagery,04 - TITLEIST PRO V1X SLEEVE/01_product_image.png,
equipment,golf-balls,titleist-avx-dozen-b710c401ed.webp,Titleist AVX (Dozen),"For players seeking a lower flight, softer feel, and less spin off the driver.",Not provided on source page,$49.99,images/equipment/golf-balls/titleist-avx-dozen-b710c401ed.webp,references/090426/pos-item-imagery,05 - TITLEIST AVX BOX/01_product_image.png,
equipment,golf-balls,titleist-avx-sleeve-of-3-b710c401ed.webp,Titleist AVX (Sleeve of 3),"Three-ball sleeve of the AVX for lower flight, soft feel, and reduced driver spin.",Not provided on source page,$16.99,images/equipment/golf-balls/titleist-avx-sleeve-of-3-b710c401ed.webp,references/090426/pos-item-imagery,06 - TITLEIST AVX SLEEVE/01_product_image.png,
equipment,golf-balls,titleist-tour-speed-dozen-9d5b788b8b.webp,Titleist Tour Speed (Dozen),For mid-handicap players who want fast ball speed with a urethane cover for short-game control.,Not provided on source page,$34.99,images/equipment/golf-balls/titleist-tour-speed-dozen-9d5b788b8b.webp,references/090426/pos-item-imagery,07 - TITLEIST TOUR SPEED BOX/01_product_image.png,
equipment,golf-balls,titleist-trufeel-dozen-d3b2d4523f.webp,Titleist TruFeel (Dozen),For players who want a soft feel and straight distance at a lower price.,Not provided on source page,$24.99,images/equipment/golf-balls/titleist-trufeel-dozen-d3b2d4523f.webp,references/090426/pos-item-imagery,08 - TITLEIST TRUFEEL BOX/01_product_image.png,
equipment,golf-balls,callaway-chrome-soft-dozen-970d1fa0ca.webp,Callaway Chrome Soft (Dozen),For moderate swing speeds who want soft feel and control on approach shots.,Not provided on source page,$49.99,images/equipment/golf-balls/callaway-chrome-soft-dozen-970d1fa0ca.webp,references/090426/pos-item-imagery,09 - CALLAWAY CHROME SOFT BOX/01_product_image.png,
equipment,golf-balls,callaway-chrome-soft-sleeve-of-3-970d1fa0ca.webp,Callaway Chrome Soft (Sleeve of 3),Three-ball sleeve of the Chrome Soft for soft feel and control into the green.,Not provided on source page,$16.99,images/equipment/golf-balls/callaway-chrome-soft-sleeve-of-3-970d1fa0ca.webp,references/090426/pos-item-imagery,10 - CALLAWAY CHROME SOFT SLEEVE/01_product_image.png,
equipment,golf-balls,callaway-chrome-soft-x-dozen-efd731b4f4.webp,Callaway Chrome Soft X (Dozen),"For faster swings needing a firmer feel, higher flight, and more workability around the green.",Not provided on source page,$54.99,images/equipment/golf-balls/callaway-chrome-soft-x-dozen-efd731b4f4.webp,references/090426/pos-item-imagery,11 - CALLAWAY CHROME SOFT X BOX/01_product_image.png,
equipment,golf-balls,callaway-supersoft-dozen-e0a8ed11dc.webp,Callaway Supersoft (Dozen),"For slower swing speeds who want a very soft feel and straight, longer carry.",Not provided on source page,$24.99,images/equipment/golf-balls/callaway-supersoft-dozen-e0a8ed11dc.webp,references/090426/pos-item-imagery,12 - CALLAWAY SUPERSOFT BOX/01_product_image.png,
equipment,golf-balls,callaway-warbird-dozen-b5f4c7b501.webp,Callaway Warbird (Dozen),For recreational golfers who want more distance off the tee at a low price.,Not provided on source page,$22.99,images/equipment/golf-balls/callaway-warbird-dozen-b5f4c7b501.webp,references/090426/pos-item-imagery,13 - CALLAWAY WARBIRD BOX/01_product_image.png,
equipment,golf-balls,taylormade-tp5x-dozen-074b618725.webp,TaylorMade TP5x (Dozen),"For faster swing speeds wanting higher flight, firmer feel, and low driver spin.",Not provided on source page,$54.99,images/equipment/golf-balls/taylormade-tp5x-dozen-074b618725.webp,references/090426/pos-item-imagery,14 - TAYLORMADE TP5X BOX/01_product_image.png,
equipment,golf-balls,taylormade-tp5-dozen-cb604f7c35.webp,TaylorMade TP5 (Dozen),For players wanting a five-layer ball with soft feel and high wedge spin.,Not provided on source page,$54.99,images/equipment/golf-balls/taylormade-tp5-dozen-cb604f7c35.webp,references/090426/pos-item-imagery,15 - TAYLORMADE TP5 BOX/01_product_image.png,
equipment,golf-balls,taylormade-tp5-sleeve-of-3-cb604f7c35.webp,TaylorMade TP5 (Sleeve of 3),Three-ball sleeve of the TP5 for soft feel and high spin on wedge shots.,Not provided on source page,$18.99,images/equipment/golf-balls/taylormade-tp5-sleeve-of-3-cb604f7c35.webp,references/090426/pos-item-imagery,16 - TAYLORMADE TP5 SLEEVE/01_product_image.png,
equipment,golf-balls,taylormade-distance-dozen-61e706186b.webp,TaylorMade Distance+ (Dozen),"For everyday golfers who want longer, straighter tee shots and a soft feel.",Not provided on source page,$22.99,images/equipment/golf-balls/taylormade-distance-dozen-61e706186b.webp,references/090426/pos-item-imagery,17 - TAYLORMADE DISTANCEPLUS BOX/01_product_image.png,
equipment,golf-balls,taylormade-tour-response-dozen-ca3f1674fa.webp,TaylorMade Tour Response (Dozen),For mid-handicap players wanting a urethane cover and tour-level greenside spin for less money.,Not provided on source page,$42.99,images/equipment/golf-balls/taylormade-tour-response-dozen-ca3f1674fa.webp,references/090426/pos-item-imagery,18 - TAYLORMADE TOUR RESPONSE BOX/01_product_image.png,
equipment,golf-balls,srixon-z-star-dozen-1271008a2c.webp,Srixon Z-Star (Dozen),For skilled players who want a soft feel with heavy spin on wedges and irons.,Not provided on source page,$54.99,images/equipment/golf-balls/srixon-z-star-dozen-1271008a2c.webp,references/090426/pos-item-imagery,19 - SRIXON Z-STAR BOX/01_product_image.png,
equipment,golf-balls,srixon-q-star-tour-dozen-a0c7c99d41.webp,Srixon Q-Star Tour (Dozen),For moderate swing speeds wanting urethane greenside spin without full tour-ball firmness.,Not provided on source page,$42.99,images/equipment/golf-balls/srixon-q-star-tour-dozen-a0c7c99d41.webp,references/090426/pos-item-imagery,20 - SRIXON Q-STAR TOUR BOX/01_product_image.png,
equipment,golf-balls,srixon-soft-feel-dozen-af58e1b84b.webp,Srixon Soft Feel (Dozen),For golfers with slower swings who want soft feel and easy distance off the tee.,Not provided on source page,$24.99,images/equipment/golf-balls/srixon-soft-feel-dozen-af58e1b84b.webp,references/090426/pos-item-imagery,21 - SRIXON SOFT FEEL BOX/01_product_image.png,
equipment,golf-balls,bridgestone-tour-b-x-dozen-846c3a0e20.webp,Bridgestone Tour B X (Dozen),For faster swing speeds who want a straight flight and firm feel on full shots.,Not provided on source page,$54.99,images/equipment/golf-balls/bridgestone-tour-b-x-dozen-846c3a0e20.webp,references/090426/pos-item-imagery,22 - BRIDGESTONE TOUR B X BOX/01_product_image.png,
equipment,golf-balls,bridgestone-tour-b-xs-dozen-21cc43234f.webp,Bridgestone Tour B XS (Dozen),For skilled players wanting a softer feel and extra spin on wedge and chip shots.,Not provided on source page,$54.99,images/equipment/golf-balls/bridgestone-tour-b-xs-dozen-21cc43234f.webp,references/090426/pos-item-imagery,23 - BRIDGESTONE TOUR B XS BOX/01_product_image.png,
equipment,golf-balls,bridgestone-e6-soft-dozen-c1c771f174.webp,Bridgestone e6 Soft (Dozen),"For golfers who want a soft, straight ball that reduces sidespin on off-center hits.",Not provided on source page,$27.99,images/equipment/golf-balls/bridgestone-e6-soft-dozen-c1c771f174.webp,references/090426/pos-item-imagery,24 - BRIDGESTONE E6 BOX/01_product_image.png,
equipment,golf-balls,course-logo-ball-single-968f27421f.webp,Course Logo Ball (Single),"Single ball stamped with the course logo, sold one at a time at the counter.",Not provided on source page,$5.99,images/equipment/golf-balls/course-logo-ball-single-968f27421f.webp,references/090426/pos-item-imagery,25 - LOGO BALL SINGLE/01_product_image.png,
equipment,golf-balls,range-bucket-small-243d65f825.webp,Range Bucket Small,Small bucket of practice balls for a short warm-up session before your round.,Not provided on source page,$9.00,images/equipment/golf-balls/range-bucket-small-243d65f825.webp,references/090426/pos-item-imagery,26 - RANGE BUCKET SMALL/01_product_image.png,
equipment,golf-balls,range-bucket-large-243d65f825.webp,Range Bucket Large,Large bucket of practice balls for a full range session or a longer warm-up.,Not provided on source page,$16.00,images/equipment/golf-balls/range-bucket-large-243d65f825.webp,references/090426/pos-item-imagery,27 - RANGE BUCKET LARGE/01_product_image.png,
equipment,bags,junior-golf-stand-bag-set-adc98485df.webp,Junior Golf Stand Bag Set,Junior stand bag packed with a starter set of clubs for kids.,Not provided on source page,$199.99,images/equipment/bags/junior-golf-stand-bag-set-adc98485df.webp,references/090426/pos-item-imagery,Screenshot 2026-08-31 at 1.07.02 PM.png,
equipment,bags,mgi-zip-navigator-electric-caddy-dfa8d79b7b.webp,MGI Zip Navigator Electric Caddy,Battery powered remote caddy that carries the bag around eighteen holes.,Not provided on source page,$1299.00,images/equipment/bags/mgi-zip-navigator-electric-caddy-dfa8d79b7b.webp,references/090426/pos-item-imagery,Screenshot 2026-08-31 at 1.07.11 PM.png,
equipment,accessories-and-training,four-passenger-electric-golf-car-df1958f85b.webp,Four Passenger Electric Golf Car,Four seat electric golf car for riding the course in comfort.,Not provided on source page,$8995.00,images/equipment/accessories-and-training/four-passenger-electric-golf-car-df1958f85b.webp,references/090426/pos-item-imagery,Screenshot 2026-08-31 at 1.07.46 PM.png,
equipment,accessories-and-training,mileseey-golf-gps-bluetooth-speaker-7c65674c58.webp,MileSeey Golf GPS Bluetooth Speaker,Portable Bluetooth speaker with GPS yardages for music and distances on course.,Not provided on source page,$179.99,images/equipment/accessories-and-training/mileseey-golf-gps-bluetooth-speaker-7c65674c58.webp,references/090426/pos-item-imagery,Screenshot 2026-08-31 at 1.07.59 PM.png,
equipment,accessories-and-training,world-of-golf-deluxe-rain-poncho-2bb9de9225.webp,World of Golf Deluxe Rain Poncho,Waterproof vinyl poncho with hood that packs into a bag pocket.,Not provided on source page,$12.99,images/equipment/accessories-and-training/world-of-golf-deluxe-rain-poncho-2bb9de9225.webp,references/090426/pos-item-imagery,Screenshot 2026-08-31 at 1.08.10 PM.png,
equipment,accessories-and-training,titleist-pro-v1-tour-golf-umbrella-b5f23c2896.webp,Titleist Pro V1 Tour Golf Umbrella,Large canopy golf umbrella that keeps player and bag dry.,Not provided on source page,$39.99,images/equipment/accessories-and-training/titleist-pro-v1-tour-golf-umbrella-b5f23c2896.webp,references/090426/pos-item-imagery,Screenshot 2026-08-31 at 1.08.20 PM.png,
shoes,golf-shoes,men-s-spikeless-golf-shoe-white-78ea397fe3.webp,"Men's Spikeless Golf Shoe, White",Spikeless white golf shoe with waterproof upper for walking eighteen holes.,Not provided on source page,$149.99,images/shoes/golf-shoes/men-s-spikeless-golf-shoe-white-78ea397fe3.webp,references/090426/pos-item-imagery,Screenshot 2026-08-31 at 1.08.26 PM.png,
apparel,mens,peter-millar-printed-performance-polo-6c257cf21a.webp,Peter Millar Printed Performance Polo,Printed performance polo in stretch jersey for warm days on course.,Not provided on source page,$98.00,images/apparel/mens/peter-millar-printed-performance-polo-6c257cf21a.webp,references/090426/pos-item-imagery,Screenshot 2026-08-31 at 1.10.21 PM.png,
apparel,mens,peter-millar-striped-performance-polo-072d5cfb2a.webp,Peter Millar Striped Performance Polo,Striped performance polo with moisture wicking fabric for everyday rounds.,Not provided on source page,$98.00,images/apparel/mens/peter-millar-striped-performance-polo-072d5cfb2a.webp,references/090426/pos-item-imagery,Screenshot 2026-08-31 at 1.10.26 PM.png,
apparel,mens,women-s-pink-golf-polo-dress-4927daa4c8.webp,Women's Pink Golf Polo Dress,Womens golf dress with polo collar and built in shorts.,Not provided on source page,$89.00,images/apparel/mens/women-s-pink-golf-polo-dress-4927daa4c8.webp,references/090426/pos-item-imagery,Screenshot 2026-08-31 at 1.10.41 PM.png,
apparel,mens,men-s-flat-front-golf-shorts-green-765fc9d7f9.webp,"Men's Flat Front Golf Shorts, Green",Flat front golf shorts with stretch fabric and ten inch inseam.,Not provided on source page,$75.00,images/apparel/mens/men-s-flat-front-golf-shorts-green-765fc9d7f9.webp,references/090426/pos-item-imagery,Screenshot 2026-08-31 at 1.10.59 PM.png,
apparel,headwear,titleist-tour-flat-brim-cap-black-e666dbe958.webp,"Titleist Tour Flat Brim Cap, Black",Structured cap with raised script logo and a flat brim.,Not provided on source page,$32.00,images/apparel/headwear/titleist-tour-flat-brim-cap-black-e666dbe958.webp,references/090426/pos-item-imagery,Screenshot 2026-08-31 at 1.13.52 PM.png,
apparel,headwear,titleist-tour-performance-visor-black-372d440588.webp,"Titleist Tour Performance Visor, Black",Moisture wicking visor that shades eyes while keeping the head cool.,Not provided on source page,$28.00,images/apparel/headwear/titleist-tour-performance-visor-black-372d440588.webp,references/090426/pos-item-imagery,Screenshot 2026-08-31 at 1.14.02 PM.png,
apparel,mens,footjoy-half-zip-wind-pullover-black-3e723f6534.webp,"FootJoy Half Zip Wind Pullover, Black",Wind resistant half zip pullover for chilly mornings on the tee.,Not provided on source page,$110.00,images/apparel/mens/footjoy-half-zip-wind-pullover-black-3e723f6534.webp,references/090426/pos-item-imagery,Screenshot 2026-08-31 at 1.14.10 PM.png,
apparel,mens,footjoy-full-zip-wind-jacket-black-261f03dd67.webp,"FootJoy Full Zip Wind Jacket, Black",Full zip wind jacket with elastic cuffs for cool breezy rounds.,Not provided on source page,$125.00,images/apparel/mens/footjoy-full-zip-wind-jacket-black-261f03dd67.webp,references/090426/pos-item-imagery,Screenshot 2026-08-31 at 1.14.25 PM.png,
equipment,accessories-and-training,nike-woven-stretch-golf-belt-da5cadffa6.webp,Nike Woven Stretch Golf Belt,Woven stretch belt with leather tab that flexes through the swing.,Not provided on source page,$45.00,images/equipment/accessories-and-training/nike-woven-stretch-golf-belt-da5cadffa6.webp,references/090426/pos-item-imagery,Screenshot 2026-08-31 at 1.14.34 PM.png,
equipment,gloves,titleist-players-glove-9315afbe09.webp,Titleist Players Glove,Cabretta leather glove with perforated palm for grip in warm weather.,Not provided on source page,$24.99,images/equipment/gloves/titleist-players-glove-9315afbe09.webp,references/090426/pos-item-imagery,Screenshot 2026-08-31 at 1.14.45 PM.png,
equipment,gloves,titleist-perma-soft-glove-80974841fe.webp,Titleist Perma-Soft Glove,Soft leather glove built for grip and durability in humid conditions.,Not provided on source page,$21.99,images/equipment/gloves/titleist-perma-soft-glove-80974841fe.webp,references/090426/pos-item-imagery,Screenshot 2026-08-31 at 1.14.51 PM.png,
equipment,tees,pride-professional-tee-system-prolength-2-3-4-in-cf2eb6d058.webp,Pride Professional Tee System ProLength 2 3/4 in,Bag of wood tees sized for drivers under 360cc heads.,Not provided on source page,$5.99,images/equipment/tees/pride-professional-tee-system-prolength-2-3-4-in-cf2eb6d058.webp,references/090426/pos-item-imagery,Screenshot 2026-08-31 at 1.15.00 PM.png,
equipment,accessories-and-training,team-effort-hulk-hat-clip-and-ball-marker-set-2df2123347.webp,Team Effort Hulk Hat Clip and Ball Marker Set,Magnetic hat clip with two comic ball markers for the cap.,Not provided on source page,$14.99,images/equipment/accessories-and-training/team-effort-hulk-hat-clip-and-ball-marker-set-2df2123347.webp,references/090426/pos-item-imagery,Screenshot 2026-08-31 at 1.15.20 PM.png,
equipment,accessories-and-training,team-effort-divot-tool-and-ball-marker-set-140d6c54e7.webp,Team Effort Divot Tool and Ball Marker Set,Switchblade divot tool with team logo ball marker for green repair.,Not provided on source page,$12.99,images/equipment/accessories-and-training/team-effort-divot-tool-and-ball-marker-set-140d6c54e7.webp,references/090426/pos-item-imagery,Screenshot 2026-08-31 at 1.15.37 PM.png,
equipment,accessories-and-training,ghost-golf-waffle-microfiber-towel-edc3f1ba7d.webp,Ghost Golf Waffle Microfiber Towel,Waffle weave microfiber towel with carabiner for cleaning clubs and balls.,Not provided on source page,$29.99,images/equipment/accessories-and-training/ghost-golf-waffle-microfiber-towel-edc3f1ba7d.webp,references/090426/pos-item-imagery,Screenshot 2026-08-31 at 1.15.46 PM.png,
equipment,accessories-and-training,stickit-golf-slang-driver-headcover-80808ba596.webp,Stickit Golf Slang Driver Headcover,Driver headcover with printed golf slang that keeps the crown scratch free.,Not provided on source page,$34.99,images/equipment/accessories-and-training/stickit-golf-slang-driver-headcover-80808ba596.webp,references/090426/pos-item-imagery,Screenshot 2026-08-31 at 1.15.56 PM.png,
equipment,accessories-and-training,callaway-leather-scorecard-holder-94efc06ecb.webp,Callaway Leather Scorecard Holder,Leather scorecard holder that keeps the card and pencil dry.,Not provided on source page,$19.99,images/equipment/accessories-and-training/callaway-leather-scorecard-holder-94efc06ecb.webp,references/090426/pos-item-imagery,Screenshot 2026-08-31 at 1.16.04 PM.png,
food,snack-bar,grilled-all-beef-hot-dog-973d90c238.webp,Grilled All-Beef Hot Dog,Grilled all beef hot dog in a bun for the turn,Not provided on source page,$6.50,images/food/snack-bar/grilled-all-beef-hot-dog-973d90c238.webp,references/090426/pos-item-imagery,Screenshot 2026-08-31 at 1.24.34 PM.png,
food,snack-bar,double-cheeseburger-0d11debaa0.webp,Double Cheeseburger,Two beef patties with cheese lettuce and tomato on a sesame bun,Not provided on source page,$11.99,images/food/snack-bar/double-cheeseburger-0d11debaa0.webp,references/090426/pos-item-imagery,Screenshot 2026-08-31 at 1.24.54 PM.png,
food,snack-bar,salted-soft-pretzel-d9d94c537c.webp,Salted Soft Pretzel,Warm salted soft pretzel served at the turn for a quick snack,Not provided on source page,$5.50,images/food/snack-bar/salted-soft-pretzel-d9d94c537c.webp,references/090426/pos-item-imagery,Screenshot 2026-08-31 at 1.25.08 PM.png,
food,snack-bar,lay-s-classic-potato-chips-c12bb7e668.webp,Lay's Classic Potato Chips,Single serve bag of salted potato chips for the cart,Not provided on source page,$2.49,images/food/snack-bar/lay-s-classic-potato-chips-c12bb7e668.webp,references/090426/pos-item-imagery,Screenshot 2026-08-31 at 1.25.18 PM.png,
food,snack-bar,snickers-bar-872b8047d1.webp,Snickers Bar,Chocolate peanut and caramel candy bar for a quick boost on course,Not provided on source page,$2.25,images/food/snack-bar/snickers-bar-872b8047d1.webp,references/090426/pos-item-imagery,Screenshot 2026-08-31 at 1.25.35 PM.png,
food,snack-bar,quaker-chewy-chocolate-chunk-granola-bar-b467e18604.webp,Quaker Chewy Chocolate Chunk Granola Bar,Small chocolate chunk granola bar that fits in a golf bag pocket,Not provided on source page,$1.99,images/food/snack-bar/quaker-chewy-chocolate-chunk-granola-bar-b467e18604.webp,references/090426/pos-item-imagery,Screenshot 2026-08-31 at 1.26.17 PM.png,
food,snack-bar,fresh-fruit-cup-a3ee47ac9f.webp,Fresh Fruit Cup,Cup of cut strawberries pineapple banana and blueberries for a light snack,Not provided on source page,$5.99,images/food/snack-bar/fresh-fruit-cup-a3ee47ac9f.webp,references/090426/pos-item-imagery,Screenshot 2026-08-31 at 1.26.32 PM.png,
food,snack-bar,chocolate-chip-cookie-2bb0fc4562.webp,Chocolate Chip Cookie,Single chocolate chip cookie baked for the snack counter,Not provided on source page,$2.75,images/food/snack-bar/chocolate-chip-cookie-2bb0fc4562.webp,references/090426/pos-item-imagery,Screenshot 2026-08-31 at 1.26.52 PM.png,
food,beverages,bottled-spring-water-c0343b5595.webp,Bottled Spring Water,Half liter bottle of water to keep players hydrated through the round,Not provided on source page,$2.50,images/food/beverages/bottled-spring-water-c0343b5595.webp,references/090426/pos-item-imagery,Screenshot 2026-08-31 at 1.27.34 PM.png,
food,beverages,gatorade-frost-glacier-cherry-2faf2a66fa.webp,Gatorade Frost Glacier Cherry,Twenty ounce sports drink that replaces fluids and electrolytes on hot days,Not provided on source page,$3.75,images/food/beverages/gatorade-frost-glacier-cherry-2faf2a66fa.webp,references/090426/pos-item-imagery,Screenshot 2026-08-31 at 1.27.49 PM.png,
food,beverages,coca-cola-can-10bb1966f8.webp,Coca-Cola Can,Twelve ounce can of Coca Cola from the beverage cooler,Not provided on source page,$2.25,images/food/beverages/coca-cola-can-10bb1966f8.webp,references/090426/pos-item-imagery,Screenshot 2026-08-31 at 1.28.02 PM.png,
food,beverages,hot-drip-coffee-a675f6fff4.webp,Hot Drip Coffee,Hot drip coffee in a to go cup for early tee times,Not provided on source page,$3.25,images/food/beverages/hot-drip-coffee-a675f6fff4.webp,references/090426/pos-item-imagery,Screenshot 2026-08-31 at 1.28.23 PM.png,
food,beverages,lipton-lemon-iced-tea-652769e099.webp,Lipton Lemon Iced Tea,Bottled lemon iced tea from the cooler for a cold caffeine option,Not provided on source page,$3.50,images/food/beverages/lipton-lemon-iced-tea-652769e099.webp,references/090426/pos-item-imagery,Screenshot 2026-08-31 at 1.28.39 PM.png,
food,beverages,monster-energy-ultra-paradise-44a521eb47.webp,Monster Energy Ultra Paradise,Zero sugar energy drink for players wanting caffeine before the back nine,Not provided on source page,$4.50,images/food/beverages/monster-energy-ultra-paradise-44a521eb47.webp,references/090426/pos-item-imagery,Screenshot 2026-08-31 at 1.28.59 PM.png,
food,beverages,mango-smoothie-3e01cd695a.webp,Mango Smoothie,Blended mango smoothie made to order at the snack bar,Not provided on source page,$7.50,images/food/beverages/mango-smoothie-3e01cd695a.webp,references/090426/pos-item-imagery,Screenshot 2026-08-31 at 1.29.49 PM.png,
food,bar,domestic-bottled-beer-e5a1354df8.webp,Domestic Bottled Beer,Bottled domestic lager sold by the bottle from the beverage cart,Not provided on source page,$6.00,images/food/bar/domestic-bottled-beer-e5a1354df8.webp,references/090426/pos-item-imagery,Screenshot 2026-08-31 at 1.30.07 PM.png,
food,bar,lagunitas-non-alcoholic-beer-be53f1778d.webp,Lagunitas Non-Alcoholic Beer,Non alcoholic hoppy beer for golfers skipping alcohol during the round,Not provided on source page,$6.50,images/food/bar/lagunitas-non-alcoholic-beer-be53f1778d.webp,references/090426/pos-item-imagery,Screenshot 2026-08-31 at 1.30.39 PM.png,
food,bar,white-claw-black-cherry-hard-seltzer-d9ac0c79fd.webp,White Claw Black Cherry Hard Seltzer,Spiked sparkling water with black cherry flavor sold in a single can,Not provided on source page,$7.00,images/food/bar/white-claw-black-cherry-hard-seltzer-d9ac0c79fd.webp,references/090426/pos-item-imagery,Screenshot 2026-08-31 at 1.31.12 PM.png,
food,bar,house-wine-by-the-glass-d0659cf93d.webp,House Wine by the Glass,Glass of house red or white wine poured at the clubhouse bar,Not provided on source page,$9.00,images/food/bar/house-wine-by-the-glass-d0659cf93d.webp,references/090426/pos-item-imagery,Screenshot 2026-08-31 at 1.31.45 PM.png,
food,bar,aperol-spritz-d19d2a882d.webp,Aperol Spritz,Aperitif spritz with orange over ice served on the patio,Not provided on source page,$13.00,images/food/bar/aperol-spritz-d19d2a882d.webp,references/090426/pos-item-imagery,Screenshot 2026-08-31 at 1.32.08 PM.png,
food,bar,bloody-mary-40187d8eef.webp,Bloody Mary,Tomato and vodka cocktail with celery and lemon for morning rounds,Not provided on source page,$12.00,images/food/bar/bloody-mary-40187d8eef.webp,references/090426/pos-item-imagery,Screenshot 2026-08-31 at 1.32.25 PM.png,
equipment,bags,ram-g-force-junior-club-set-with-stand-bag-c9075c55d6.webp,Ram G-Force Junior Club Set with Stand Bag,Junior club set with driver irons putter and matching stand bag,Not provided on source page,$149.99,images/equipment/bags/ram-g-force-junior-club-set-with-stand-bag-c9075c55d6.webp,references/090426/pos-item-imagery,Screenshot 2026-08-31 at 1.55.55 PM.png,
